{
	"definitions": {},
	"$schema": "http://json-schema.org/draft-07/schema#", 
	"$id": "https://example.com/object1599655920.json", 
	"title": "Root", 
	"type": "object",
	"required": [
		"items",
		"default"
	],
	"properties": {
		"items": {
			"$id": "#root/items", 
			"title": "Items", 
			"type": "array",
			"minItems": 1,
			"default": [],
			"items":{
				"$id": "#root/items/items", 
				"title": "Items", 
				"type": "object",
				"required": [
					"name",
					"tasks"
				],
				"properties": {
					"name": {
						"$id": "#root/items/items/name", 
						"title": "Name", 
						"type": "string",
						"default": "",
						"examples": [
							"felix"
						],
						"pattern": "^.*$"
					},
					"tasks": {
						"$id": "#root/items/items/tasks", 
						"title": "Tasks", 
						"type": "array",
						"minItems": 1,
						"default": [],
						"items":{
							"$id": "#root/items/items/tasks/items", 
							"title": "Items", 
							"type": "object",
							"required": [
								"name",
								"width",
								"height"
							],
							"properties": {
								"name": {
									"$id": "#root/items/items/tasks/items/name", 
									"title": "Name", 
									"type": "string",
									"default": "",
									"examples": [
										"Task01"
									],
									"pattern": "^.*$"
								},
								"width": {
									"$id": "#root/items/items/tasks/items/width", 
									"title": "Width", 
									"type": "integer",
									"examples": [
										800
									],
									"default": 0
								},
								"height": {
									"$id": "#root/items/items/tasks/items/height", 
									"title": "Height", 
									"type": "integer",
									"examples": [
										600
									],
									"default": 0
								}
							}
						}

					}
				}
			}

		},
		"default": {
			"$id": "#root/default", 
			"title": "Default", 
			"type": "object",
			"required": [
				"item",
				"task"
			],
			"properties": {
				"item": {
					"$id": "#root/default/item", 
					"title": "Item", 
					"type": "string",
					"default": "",
					"examples": [
						"felix"
					],
					"pattern": "^.*$"
				},
				"task": {
					"$id": "#root/default/task", 
					"title": "Task", 
					"type": "string",
					"default": "",
					"examples": [
						"Task01"
					],
					"pattern": "^.*$"
				}
			}
		}

	}
}
